case_id,correctness,relevance,grounding,actionability,communication,overall,reason
2,5,5,5,5,5,5,"The reply accurately addresses the customer’s concern, provides grounded troubleshooting steps, is actionable, and is clearly communicated."
3,5,5,5,4,5,5,"The reply accurately addresses the customer’s complaint, stays grounded in the conversation, and clearly requests relevant information to troubleshoot. It offers a helpful next step, though it could provide a more concrete action plan, hence a 4 for actionability. Overall, it is a strong, professional response."
4,5,5,5,4,5,5,"The reply is accurate, directly addresses the customer’s acknowledgment, fully grounded in the conversation, offers a clear invitation for further assistance, and is concise and professional."
12,5,5,5,5,5,5,"The reply directly addresses the customer’s problem, is fully grounded in the conversation, provides a clear next step, and is well‑communicated."
14,5,5,5,5,5,5,"The reply accurately acknowledges the customer’s message, thanks the agent, offers further help, and is concise, professional, and fully grounded in the conversation."
18,2,3,2,4,4,2,The reply offers a generic reinstall fix but does not address the specific iPhone X/iOS11 bug mentioned by the customer. It lacks grounding in the conversation context and may mislead the user. The guidance is actionable but not tailored to the reported issue.
19,4,4,4,4,5,4,"The reply is mostly correct and relevant, asking for email and billing address to verify the account. It is grounded in the conversation context and provides a clear next step, though it repeats information already requested. Communication is clear and professional."
25,5,5,5,3,5,4,"The reply accurately addresses the shuffle issue, stays grounded in the conversation, and asks for relevant details. It lacks a concrete solution, so actionability is moderate."
44,5,5,4,5,5,5,"The reply offers a logical next step (reinstall) that aligns with the issue, is clear, actionable, and grounded in common troubleshooting practices. No hallucinations or irrelevant content."
47,5,3,4,3,5,3,"The reply is accurate and asks for relevant details, but it does not directly address the specific issue of playback stopping. It provides a useful next step (requesting device info and screenshot) and is well communicated."
52,5,5,5,5,5,5,"The reply accurately reflects the customer’s issue, is fully grounded in the conversation, offers clear next steps, and is communicated professionally."
57,2,2,2,2,4,2,"The reply is vague and does not address the customer’s request for confirmation about the link or the typo issue. It lacks specific guidance or resolution steps, making it only minimally helpful."
62,4,5,5,5,5,5,"The reply offers a reasonable, context‑appropriate troubleshooting step that is likely to help, though it could be slightly more specific. It is directly relevant, well grounded, actionable, and clearly communicated."
63,5,5,5,5,5,5,"The reply accurately reflects the situation, directly addresses the customer’s request, is fully grounded in the context, offers a clear next step, and is communicated professionally."
64,5,5,5,4,5,5,"The reply is accurate, directly acknowledges the customer’s update, is fully grounded in the conversation, offers a clear next step (to reach out if needed), and is concise and professional."
68,5,2,2,2,4,2,"The reply repeats questions already answered, offers no new troubleshooting steps, and does not address the customer’s latest update that reinstall didn’t help. It is polite but lacks relevance and actionable guidance."
71,5,5,5,5,5,5,"The reply directly addresses the missing soundtrack issue, asks for the needed country information, and is clear, concise, and fully grounded in the conversation context."
78,4,5,5,5,5,5,"The reply accurately addresses the customer’s query about an update, offers a clear next step, and is well‑communicated, though it assumes a generic rollout schedule without specific evidence."
87,5,5,5,5,5,5,"The reply accurately states the lack of an automatic cache‑cleaning feature, provides clear manual steps, and invites feedback—all directly relevant and grounded in the conversation. It is concise, professional, and offers actionable guidance."
96,5,5,5,5,5,5,"The reply directly addresses the customer’s issue, is fully grounded in the conversation, offers a clear next step, and is communicated in a concise, professional manner."
97,1,1,1,1,3,1,"The reply does not address the customer’s request to remove followers or block them on iPhone, offers no solution, and merely redirects to DMs without providing any actionable information. It is not grounded in the conversation context and fails to help the customer move forward."
98,5,5,5,5,5,5,"The reply accurately reflects the lack of a timeline, directs the customer to the community hub for voting, and is clear, concise, and professional. No hallucinations or irrelevant content are present."
110,4,2,3,2,4,2,"The reply is polite and grammatically correct, but it does not address the customer’s question or acknowledge the context. It offers a generic offer for further help, which is minimally actionable. The response lacks relevance and grounding to the specific issue about playlist follower access. Overall, it is a weak reply."
111,5,4,5,2,5,4,"The reply is accurate, grounded in the conversation, and clearly communicated, but it only asks for more information rather than providing a solution or next step, limiting its actionability."
118,5,5,5,4,5,5,"The reply accurately states that Spotify is not available in India, directly addresses the customer’s request, is grounded in the conversation context, offers a next step (providing email for potential workaround), and is clear and professional."
126,2,2,2,2,4,2,"The reply repeats a request for the Spotify version that the customer already provided, offering no new information or solution. It lacks relevance to the specific sharing issue, offers no actionable steps, and is not grounded in the conversation context. Communication is clear but the content is ineffective."
137,5,1,5,1,5,2,"The reply is polite and grammatically correct, but it does not address the customer’s issue or provide any next steps. It is fully grounded in the conversation but offers no actionable guidance, resulting in low relevance and actionability."
138,5,5,5,5,5,5,"The reply accurately addresses the customer’s request, is fully grounded in the conversation, offers a clear next step (use the explicit filter toggle), and is concise and professional."
139,5,5,5,5,5,5,"The reply directly addresses the customer’s need to update payment details once the new card is available, offers a clear next step, and is concise and professional."
154,5,5,5,4,5,5,"The reply accurately addresses the customer’s question about the download indicator, is fully grounded in the context, provides clear next steps, and is well communicated."
157,5,5,5,5,5,5,"The reply accurately acknowledges the customer’s positive feedback, confirms the issue is resolved, offers further assistance, and is concise, professional, and fully grounded in the conversation context."
165,5,5,5,5,5,5,"The reply accurately addresses the customer’s request, provides clear, step‑by‑step instructions, acknowledges the older device limitation, and offers a practical next step—all supported by the conversation context."
166,5,5,5,5,5,5,"The reply accurately acknowledges the issue, explains the lack of notification, offers to investigate, and requests necessary account details—all appropriate, grounded, and actionable."
167,5,5,5,5,5,5,"The reply accurately addresses the customer’s issue, is fully grounded in the context, offers clear next steps, and is well communicated."
178,5,4,5,3,5,4,"The reply correctly acknowledges the customer’s message and is grounded in the conversation. It is concise and professional, but it offers no specific next step, so actionability is limited."
179,5,5,5,5,5,5,"The reply accurately addresses the customer’s issue, is fully grounded in the conversation, offers clear next steps, and is communicated professionally."
183,5,5,5,5,5,5,"The reply directly addresses the white screen issue, offers concrete troubleshooting steps grounded in the context, and is clear and professional."
184,2,2,2,3,4,2,"The reply offers a generic reinstall step that is not directly related to the customer’s issue about a missing new release. It lacks grounding in the specific context and does not address the requested problem, though it is clear and actionable in a general sense."
194,4,5,3,5,5,4,"The reply directly addresses the crash issue and offers practical steps, but the suggestion to reinstall the same Windows Store version is somewhat redundant and not fully grounded in the context. Overall, it is clear, relevant, and actionable."
195,5,5,5,2,5,3,"The reply accurately addresses the issue and asks relevant follow‑up questions, but it does not provide a concrete next step or solution, limiting its actionability."
